<?xml version="1.0" encoding="UTF-8" standalone="yes"?>
<sordTypes>
    <sordType>
        <id>9999</id>
        <name>Repository</name>
        <ico>dir_Repository_9999.ico</ico>
    </sordType>
    <sordType>
        <id>1</id>
        <name>Filing cabinet</name>
        <ico>dir_Filing#cabinet_1.ico</ico>
    </sordType>
    <sordType>
        <id>2</id>
        <name>Folder</name>
        <ico>dir_Folder_2.ico</ico>
    </sordType>
    <sordType>
        <id>3</id>
        <name>Folder tab</name>
        <ico>dir_Folder#tab_3.ico</ico>
    </sordType>
    <sordType>
        <id>4</id>
        <name>Level 4</name>
        <ico>dir_Level#4_4.ico</ico>
    </sordType>
    <sordType>
        <id>5</id>
        <name>Level 5</name>
        <ico>dir_Level#5_5.ico</ico>
    </sordType>
    <sordType>
        <id>6</id>
        <name>Level 6</name>
        <ico>dir_Level#6_6.ico</ico>
    </sordType>
    <sordType>
        <id>7</id>
        <name>Red folder</name>
        <ico>dir_Red#folder_7.ico</ico>
    </sordType>
    <sordType>
        <id>8</id>
        <name>Yellow folder</name>
        <ico>dir_Yellow#folder_8.ico</ico>
    </sordType>
    <sordType>
        <id>9</id>
        <name>Green folder</name>
        <ico>dir_Green#folder_9.ico</ico>
    </sordType>
    <sordType>
        <id>10</id>
        <name>Blue folder</name>
        <ico>dir_Blue#folder_10.ico</ico>
    </sordType>
    <sordType>
        <id>11</id>
        <name>Red folder tab</name>
        <ico>dir_Red#folder#tab_11.ico</ico>
    </sordType>
    <sordType>
        <id>12</id>
        <name>Yellow folder tab</name>
        <ico>dir_Yellow#folder#tab_12.ico</ico>
    </sordType>
    <sordType>
        <id>13</id>
        <name>Green folder tab</name>
        <ico>dir_Green#folder#tab_13.ico</ico>
    </sordType>
    <sordType>
        <id>14</id>
        <name>Blue folder tab</name>
        <ico>dir_Blue#folder#tab_14.ico</ico>
    </sordType>
    <sordType>
        <id>15</id>
        <name>Briefcase</name>
        <ico>dir_Briefcase_15.ico</ico>
    </sordType>
    <sordType>
        <id>16</id>
        <name>File drawer</name>
        <ico>dir_File#drawer_16.ico</ico>
    </sordType>
    <sordType>
        <id>17</id>
        <name>Form folder</name>
        <ico>dir_Form#folder_17.ico</ico>
    </sordType>
    <sordType>
        <id>18</id>
        <name>Workflow folder</name>
        <ico>dir_Workflow#folder_18.ico</ico>
    </sordType>
    <sordType>
        <id>19</id>
        <name>Address</name>
        <ico>dir_Address_19.ico</ico>
    </sordType>
    <sordType>
        <id>20</id>
        <name>Order processing</name>
        <ico>dir_Order#processing_20.ico</ico>
    </sordType>
    <sordType>
        <id>21</id>
        <name>Telephone</name>
        <ico>dir_Telephone_21.ico</ico>
    </sordType>
    <sordType>
        <id>22</id>
        <name>Customers</name>
        <ico>dir_Customers_22.ico</ico>
    </sordType>
    <sordType>
        <id>23</id>
        <name>Person</name>
        <ico>dir_Person_23.ico</ico>
    </sordType>
    <sordType>
        <id>24</id>
        <name>Customer group</name>
        <ico>dir_Customer#group_24.ico</ico>
    </sordType>
    <sordType>
        <id>25</id>
        <name>Company</name>
        <ico>dir_Company_25.ico</ico>
    </sordType>
    <sordType>
        <id>26</id>
        <name>Support</name>
        <ico>dir_Support_26.ico</ico>
    </sordType>
    <sordType>
        <id>27</id>
        <name>Correspondence</name>
        <ico>dir_Correspondence_27.ico</ico>
    </sordType>
    <sordType>
        <id>28</id>
        <name>Project work</name>
        <ico>dir_Project#work_28.ico</ico>
    </sordType>
    <sordType>
        <id>29</id>
        <name>Visit reports</name>
        <ico>dir_Visit#reports_29.ico</ico>
    </sordType>
    <sordType>
        <id>30</id>
        <name>Activities</name>
        <ico>dir_Activities_30.ico</ico>
    </sordType>
    <sordType>
        <id>31</id>
        <name>Red file drawer</name>
        <ico>dir_Red#file#drawer_31.ico</ico>
    </sordType>
    <sordType>
        <id>32</id>
        <name>Level 32</name>
        <ico>dir_Level#32_32.ico</ico>
    </sordType>
    <sordType>
        <id>45</id>
        <name>sol.Business Solutions</name>
        <ico>dir_sol#Business#Solutions_45.ico</ico>
    </sordType>
    <sordType>
        <id>46</id>
        <name>sol.Business Solution</name>
        <ico>dir_sol#Business#Solution_46.ico</ico>
    </sordType>
    <sordType>
        <id>47</id>
        <name>sol.Business Solution Config</name>
        <ico>dir_sol#Business#Solution#Config_47.ico</ico>
    </sordType>
    <sordType>
        <id>48</id>
        <name>sol.Business Solution Settings</name>
        <ico>dir_sol#Business#Solution#Settings_48.ico</ico>
    </sordType>
    <sordType>
        <id>48</id>
        <name>sol.Business Solution Settings</name>
        <ico>dir_sol#Business#Solution#Settings_48.ico</ico>
    </sordType>
    <sordType>
        <id>100</id>
        <name>ppro.po</name>
        <ico>dir_ppro#holme#PO_48.ico</ico>
    </sordType>
    <sordType>
        <id>101</id>
        <name>ppro.ppo</name>
        <ico>dir_ppro#holme#PPO_48.ico</ico>
    </sordType>
    <sordType>
        <id>102</id>
        <name>ppro.subpo</name>
        <ico>dir_ppro#holme#SUBPO_48.ico</ico>
    </sordType>
    <sordType>
        <id>254</id>
        <name>Document</name>
        <ico>doc_Document_254.ico</ico>
        <extension>*</extension>
    </sordType>
    <sordType>
        <id>255</id>
        <name>Word</name>
        <ico>doc_Word_255.ico</ico>
        <extension>doc</extension>
        <extension>dot</extension>
        <extension>rtf</extension>
        <extension>docx</extension>
        <extension>dotx</extension>
    </sordType>
    <sordType>
        <id>256</id>
        <name>Excel</name>
        <ico>doc_Excel_256.ico</ico>
        <extension>xls</extension>
        <extension>xla</extension>
        <extension>xlsx</extension>
        <extension>xlax</extension>
    </sordType>
    <sordType>
        <id>257</id>
        <name>PowerPoint</name>
        <ico>doc_PowerPoint_257.ico</ico>
        <extension>ppt</extension>
        <extension>pot</extension>
        <extension>pps</extension>
        <extension>pptx</extension>
        <extension>potx</extension>
        <extension>ppsx</extension>
    </sordType>
    <sordType>
        <id>258</id>
        <name>Acrobat Reader</name>
        <ico>doc_Acrobat#Reader_258.ico</ico>
        <extension>pdf</extension>
    </sordType>
    <sordType>
        <id>259</id>
        <name>Scanned document</name>
        <ico>doc_Scanned#document_259.ico</ico>
        <extension>tif</extension>
        <extension>tiff</extension>
    </sordType>
    <sordType>
        <id>260</id>
        <name>Image file</name>
        <ico>doc_Image#file_260.ico</ico>
        <extension>jpg</extension>
        <extension>jpeg</extension>
    </sordType>
    <sordType>
        <id>261</id>
        <name>E-mail</name>
        <ico>doc_E#mail_261.ico</ico>
        <extension>msg</extension>
        <extension>eml</extension>
    </sordType>
    <sordType>
        <id>262</id>
        <name>Web document</name>
        <ico>doc_Web#document_262.ico</ico>
        <extension>htm</extension>
        <extension>html</extension>
    </sordType>
    <sordType>
        <id>263</id>
        <name>Autocad DWG</name>
        <ico>doc_Autocad#DWG_263.ico</ico>
        <extension>dwg</extension>
    </sordType>
    <sordType>
        <id>264</id>
        <name>Autocad DXF</name>
        <ico>doc_Autocad#DXF_264.ico</ico>
        <extension>dxf</extension>
    </sordType>
    <sordType>
        <id>265</id>
        <name>Autocad DWF</name>
        <ico>doc_Autocad#DWF_265.ico</ico>
        <extension>dwf</extension>
    </sordType>
    <sordType>
        <id>266</id>
        <name>Writer</name>
        <ico>doc_Writer_266.ico</ico>
        <extension>odt</extension>
        <extension>sxw</extension>
    </sordType>
    <sordType>
        <id>267</id>
        <name>Calc</name>
        <ico>doc_Calc_267.ico</ico>
        <extension>ods</extension>
        <extension>sxc</extension>
    </sordType>
    <sordType>
        <id>268</id>
        <name>Impress</name>
        <ico>doc_Impress_268.ico</ico>
        <extension>odp</extension>
        <extension>sxi</extension>
    </sordType>
    <sordType>
        <id>269</id>
        <name>Draw</name>
        <ico>doc_Draw_269.ico</ico>
        <extension>odg</extension>
        <extension>sxd</extension>
    </sordType>
    <sordType>
        <id>270</id>
        <name>Zip file</name>
        <ico>doc_Zip#file_270.ico</ico>
        <extension>zip</extension>
    </sordType>
    <sordType>
        <id>271</id>
        <name>Visio</name>
        <ico>doc_Visio_271.ico</ico>
        <extension>vsd</extension>
    </sordType>
    <sordType>
        <id>272</id>
        <name>TXT</name>
        <ico>doc_TXT_272.ico</ico>
        <extension>txt</extension>
    </sordType>
    <sordType>
        <id>273</id>
        <name>PNG</name>
        <ico>doc_PNG_273.ico</ico>
        <extension>png</extension>
    </sordType>
    <sordType>
        <id>274</id>
        <name>Video</name>
        <ico>doc_Video_274.ico</ico>
        <extension>avi</extension>
        <extension>mpg</extension>
        <extension>mpeg</extension>
    </sordType>
    <sordType>
        <id>275</id>
        <name>Audio</name>
        <ico>doc_Audio_275.ico</ico>
        <extension>wav</extension>
        <extension>mp3</extension>
        <extension>rmi</extension>
    </sordType>
    <sordType>
        <id>276</id>
        <name>Microsoft Access</name>
        <ico>doc_Microsoft#Access_276.ico</ico>
        <extension>mdb</extension>
    </sordType>
    <sordType>
        <id>277</id>
        <name>BMP</name>
        <ico>doc_BMP_277.ico</ico>
        <extension>bmp</extension>
    </sordType>
    <sordType>
        <id>278</id>
        <name>XML</name>
        <ico>doc_XML_278.ico</ico>
        <extension>xml</extension>
    </sordType>
    <sordType>
        <id>279</id>
        <name>CHM help</name>
        <ico>doc_CHM#help_279.ico</ico>
        <extension>chm</extension>
    </sordType>
    <sordType>
        <id>280</id>
        <name>Web archive</name>
        <ico>doc_Web#archive_280.ico</ico>
        <extension>mht</extension>
    </sordType>
    <sordType>
        <id>281</id>
        <name>GIF</name>
        <ico>doc_GIF_281.ico</ico>
        <extension>gif</extension>
        <extension>img</extension>
    </sordType>
    <sordType>
        <id>282</id>
        <name>JavaScript</name>
        <ico>doc_JavaScript_282.ico</ico>
        <extension>js</extension>
    </sordType>
    <sordType>
        <id>283</id>
        <name></name>
        <ico>doc_noname_283.ico</ico>
    </sordType>
    <sordType>
        <id>284</id>
        <name></name>
        <ico>doc_noname_284.ico</ico>
    </sordType>
    <sordType>
        <id>285</id>
        <name></name>
        <ico>doc_noname_285.ico</ico>
    </sordType>
    <sordType>
        <id>286</id>
        <name>sol.Localization</name>
        <ico>doc_sol#Localization_286.ico</ico>
        <extension>properties</extension>
    </sordType>
</sordTypes>
